mahetab,Adel,tql\0@gmail.com,123hh@Ma_456,123@Ma_456,hewlaQ0@gmail.com,123ll@Ma_456M,123@Ma_456M
manar,adel,sQEF@yahoo.com,777@Mn_8,777@Mn_8,s3XFQZ@yahoo.com,777@Mn_8M,777@Mn_8M
farah,maher,aCZFQ8@y.com,Farah66%$,Farah66%$,F7cefFQA@y.com,Farah66%$M,Farah66%$M
tamara,maher,jjQZF@j.co,123456mk@#,123456mk@#,m5FA@j.co,1234555mk@#M,1234555mk@#M
hasan,magdy,mCQF@yah.com,12377HM@$,12377HM@$,9aFQ@yah.com,12377HM@$M,12377HM@$M
adell,alii,dCQF@f.com,1456@#MB5555,1456@#MB5555,saEF@g.com,1456@#MB5555M,1456@#MB5555M
alia,hasan,5CQF@g.com,145PO!@88,145PO!@88,skEZF@g.com,145PO!@88M,145PO!@88M
zeze,ali,eCQF@d.com,4445SA!@#,4445SA!@#,OsEF@f.com,4445SA!@#M,4445SA!@#M
lolo,ali,lCEQF@g.com,1278@#$KO,1278@#$KO,LZEF@K.com,12678@#$%SO,12678@#$%SO
hady,asem,hCZQF@s.com,!@#$1234HA,!@#$1234HA,hXF@s.com,!@#$134HA,!@#$134HA
mohsn,magdy,mECZQF@a.com,MO^&*678,MO^&*678,MFH@a.com,MO^&*6778,MO^&*6778
ali,mohsn,agCQF@d.com,MO^&1*678,MO^&1*678,alCzQF@g.com,MO^&123*678,MO^&123*678
mohe,Adel,mEZCQeF@i.com,MOHE@#$556,MOHE@#$556,LZCQF@f.com,MOHE55@#$556,MOHE55@#$556
MAGED,ALI,szZEFg@yahoo.com,YAYAE@#$556,YAYAE@#$556,MCXFQ@D.COM,YAYAE@#$5568,YAYAE@#$5568
